Date,BTC_Close,BTC_Volume,ETH_Close,ETH_Volume,SOL_Close,SOL_Volume
2022-01-01,46435.27,32873205715,3552.72,9209397422,166.82,1272743563
2022-01-02,48457.53,28716416933,3776.29,10527829770,156.25,1225418992
2022-01-03,50910.96,20150555912,3517.98,11214256537,145.57,992338485
2022-01-04,51505.13,23939977753,3765.77,8055680400,140.78,1195751693
2022-01-05,52283.26,23566350404,3760.9,11535328506,152.57,804713897
2022-01-06,51420.76,36812094601,3644.65,10510116243,139.82,451152265
2022-01-07,49826.54,20283872551,3531.57,11565959741,147.38,1503553168
2022-01-08,48305.0,31878974298,3383.9,10544836468,158.11,1142984195
2022-01-09,46669.46,25615899603,3355.78,12324016251,155.17,380095574
2022-01-10,48236.31,30109269051,3471.68,8124487242,149.42,682319324
2022-01-11,48165.45,24986109391,3555.88,13552199467,153.48,814128383
2022-01-12,48406.38,26963850523,3650.02,12404779688,164.21,1102467568
2022-01-13,47357.86,27455780323,3412.83,8800084303,185.03,1398076602
2022-01-14,45611.47,25547693470,3206.89,11320332626,194.48,1092295861
2022-01-15,43754.34,28256296492,3414.58,10889534768,212.47,870105926
2022-01-16,42505.6,26748151808,3551.64,6508472868,207.44,1140208942
2022-01-17,43428.08,31164095208,3878.07,11190432491,197.86,933348809
2022-01-18,43477.85,34037212198,4072.8,8829201758,180.15,1054860092
2022-01-19,42809.7,24558350787,3911.63,9499972932,169.21,800133410
2022-01-20,42473.91,24063851661,4120.47,8795227121,165.99,637957164
2022-01-21,40424.39,27053457449,4227.89,9143831986,167.9,1384947564
2022-01-22,42224.77,16712505436,4266.93,10143469403,156.32,904015218
2022-01-23,40485.04,26540950231,4131.75,10193438248,163.63,1035486927
2022-01-24,40565.42,22378821534,4134.69,6881696317,162.84,819758868
2022-01-25,43737.68,20885321302,4112.91,9462587932,157.31,836538446
2022-01-26,40021.56,17106249291,4264.96,7310377705,150.95,893889818
2022-01-27,38117.55,23876962130,4288.82,7458444281,168.83,1197389516
2022-01-28,37182.76,27549427447,4572.24,9306092798,170.54,1365562704
2022-01-29,37353.42,22358480387,4435.42,11710600551,162.45,1162804137
2022-01-30,35194.99,20450888587,4522.51,11261713008,154.27,833834455
2022-01-31,34923.81,22187274225,4616.43,8790683905,170.82,1838887900
2022-02-01,34906.53,24243073177,4462.22,8579158352,165.6,1251803272
2022-02-02,35133.05,19205722767,4258.84,8345180205,176.93,1282989971
2022-02-03,32331.73,22329395144,4437.72,10285480438,191.49,835833011
2022-02-04,33088.12,19622872814,4533.24,11873300077,168.65,927002915
2022-02-05,35007.59,24369419149,4506.57,10036099714,181.8,1182727718
2022-02-06,35564.42,33722983963,4580.98,11385533339,179.87,478181800
2022-02-07,34692.96,25827114667,4461.56,10630818109,169.6,767607930
2022-02-08,33973.02,34959021844,4507.0,13008371329,164.73,1119854622
2022-02-09,30983.22,21534318610,4401.86,5986618526,170.03,1726466317
2022-02-10,31519.48,19319645597,4437.89,5737931833,173.7,1127152775
2022-02-11,33238.65,23580236387,4619.2,9603120844,177.95,688906853
2022-02-12,34020.69,25425872361,4559.61,11273079037,171.14,634726610
2022-02-13,30669.38,26870612095,4720.09,9178901436,183.76,1293771121
2022-02-14,30230.62,26932788656,4531.53,10851561360,199.74,756539885
2022-02-15,30137.06,23419911334,4482.23,7652910405,221.12,896634204
2022-02-16,29646.14,29429175748,4246.65,7481233531,233.81,1589121677
2022-02-17,30753.22,24553690919,4232.14,8566848226,259.7,1018062130
2022-02-18,28946.37,28500462144,4248.02,11682645436,291.63,893020942
2022-02-19,28242.37,27243197297,4217.16,11392716739,303.39,765170430
2022-02-20,28851.69,26258569504,4174.76,8573494575,318.71,1396914272
2022-02-21,29884.83,26105509941,4407.31,10362238739,329.34,1395565098
2022-02-22,30077.31,21386185653,4668.39,8704858329,339.76,797525838
2022-02-23,31224.59,27705136360,4449.49,10040119620,356.56,575384783
2022-02-24,31814.19,27904517758,4666.24,7771407238,324.83,963677296
2022-02-25,30671.63,22591857394,4358.08,9906891304,319.35,1412877694
2022-02-26,32108.19,37714715778,4234.45,8528492130,328.3,1136846889
2022-02-27,31560.7,25825528068,4207.69,9911280984,292.61,635684806
2022-02-28,29824.87,18579773876,4228.96,8695914787,270.52,1100498829
2022-03-01,30300.8,17143632574,4057.88,8356517039,295.38,1230535515
2022-03-02,32303.43,20753029454,3944.66,10226862575,278.89,990779043
2022-03-03,33423.01,14046454850,3959.14,9324409278,272.08,1049662849
2022-03-04,34627.61,27026863331,3853.15,10043342351,277.97,1000445216
2022-03-05,34876.86,19681157400,3757.84,9161829636,271.01,848821390
2022-03-06,32010.0,26937915658,3861.65,11227485794,258.68,800962190
2022-03-07,32797.4,18124004330,4010.69,8368630493,251.64,589303858
2022-03-08,32995.23,26117023977,4003.46,11537502089,245.98,640900176
2022-03-09,30096.94,30383690948,4008.78,12663948618,238.45,478613496
2022-03-10,29432.77,27926854711,4008.05,9462224587,241.05,1130937832
2022-03-11,28554.65,16297984728,3938.2,13490486153,263.58,1143234597
2022-03-12,29649.91,25307114714,3860.78,14059396393,269.01,1015139812
2022-03-13,29793.11,23130827976,3706.02,10886150006,294.39,1127264361
2022-03-14,30120.77,30881809585,3805.68,7284789701,306.86,1012806294
2022-03-15,30392.93,27093770776,3795.17,6768612103,321.55,766382117
2022-03-16,29027.05,34464003757,3776.62,9648442631,332.36,1050633496
2022-03-17,27112.48,26043830391,3809.33,13551859652,327.21,895563980
2022-03-18,27180.37,19777433320,3893.39,11149099699,335.15,929868069
2022-03-19,26916.16,20676849999,4123.58,11516061838,341.06,364544752
2022-03-20,26916.19,31175587199,4081.15,9498173380,321.07,829822646
2022-03-21,26773.3,20281134398,4018.59,8511706254,334.83,1115556444
2022-03-22,26322.72,25972484589,4053.4,10743842208,345.92,883427764
2022-03-23,26852.64,35920964094,3920.95,7782442567,353.28,732468182
2022-03-24,27047.06,25189537893,4128.16,9606111222,342.87,498873077
2022-03-25,26477.03,20792009572,4286.55,11022304590,296.87,784318224
2022-03-26,24786.31,29554681371,4409.84,10071868306,322.09,1411407813
2022-03-27,22649.56,27135686990,4391.43,11049128458,321.1,799835049
2022-03-28,21546.55,19269681752,4526.0,9108046809,285.09,1302871031
2022-03-29,21442.01,29075981941,4723.01,11196359671,295.7,843470556
2022-03-30,22148.0,26183783070,4821.29,10809300761,284.76,1304378021
2022-03-31,21835.74,28753174693,4770.46,6700587478,295.97,827282294
2022-04-01,22370.68,21977144765,4462.19,7915474092,294.55,1103496962
2022-04-02,23309.92,30910156347,4637.23,8553047361,313.76,1183519040
2022-04-03,25347.44,22688588007,4574.92,11311172628,318.07,1174465961
2022-04-04,25616.21,31434536101,4425.83,10604160322,323.25,708443719
2022-04-05,27005.21,19667264790,4589.09,10565976583,326.19,889462472
2022-04-06,27241.26,26731012264,4654.38,10345864869,349.31,732193893
2022-04-07,26098.56,26914985114,4400.23,11272952908,325.54,954108145
2022-04-08,24116.78,18760931006,4385.46,11890695683,347.59,897102797
2022-04-09,24381.17,15663665881,4341.09,8890567630,361.3,919494944
2022-04-10,25163.83,21678953460,4519.63,6818175670,350.73,1179215757
2022-04-11,27449.35,21207566537,4192.2,11334648910,350.96,682465448
2022-04-12,26828.19,21903731972,4130.52,9581141596,342.72,756812982
2022-04-13,27306.05,24416984701,4110.2,10097610753,344.12,821291939
2022-04-14,27209.15,36353872795,4352.84,9652389470,362.68,924078411
2022-04-15,25057.15,26124830055,4170.74,7774863402,349.66,755960355
2022-04-16,25400.72,33296101497,3710.16,6978697370,364.53,1150310488
2022-04-17,25128.84,27042036162,3512.45,11928560373,384.2,671945050
2022-04-18,24042.95,30781399413,3551.74,12186185059,398.22,1528761365
2022-04-19,25518.79,28106004371,3670.84,11862479327,434.31,1014182286
2022-04-20,24986.05,25571510585,3936.78,10416469291,432.94,1352866045
2022-04-21,25412.18,27681471806,4002.82,10537041568,450.12,675996788
2022-04-22,25189.79,36155077381,3878.73,9162140653,516.27,906958996
2022-04-23,24578.2,17058602404,4020.81,10136024470,517.5,1041742816
2022-04-24,24446.42,26500346763,4021.44,9194327840,513.96,1534260771
2022-04-25,25147.06,28391180386,3991.64,8912627670,514.5,1037979973
2022-04-26,24559.35,19166221268,3996.84,10410406333,531.79,1453271372
2022-04-27,23191.62,27948534782,4208.42,13396200884,514.43,795758326
2022-04-28,24708.91,26163700489,4061.82,6232917062,507.94,1460603407
2022-04-29,25104.36,31433672859,3901.16,11203022636,461.58,806080757
2022-04-30,24287.83,28354750972,3893.12,11351302519,436.04,476058260
2022-05-01,24222.12,25134017731,3885.1,7571187712,412.56,417039412
2022-05-02,22942.68,26630243377,3762.83,10626899885,387.37,1070042293
2022-05-03,22901.84,14357551264,3634.94,10203149926,378.32,943382802
2022-05-04,23613.99,35256859702,3692.48,9072034556,393.34,1082209745
2022-05-05,22081.24,26371465800,3897.8,9007351376,385.45,986364375
2022-05-06,22772.98,18175682035,4012.97,7187653623,358.68,1154591780
2022-05-07,23437.61,20197896472,4126.94,13414355556,363.78,1496635191
2022-05-08,23227.26,23964184078,4340.4,14695135026,367.48,947483583
2022-05-09,23322.38,22145768839,4010.55,13172751787,340.49,1092304989
2022-05-10,23063.31,25895653300,3777.7,9424413492,343.56,892307146
2022-05-11,22717.52,21593390794,3674.8,10571363962,324.12,490711631
2022-05-12,21295.03,27559222119,3505.36,10754416263,313.29,926677688
2022-05-13,22556.83,22623331459,3371.37,8374134095,301.07,1461689152
2022-05-14,22043.9,24518073070,3382.83,9482973280,315.22,766737299
2022-05-15,22159.21,17961922749,3215.35,11066490817,301.46,1703933468
2022-05-16,21994.19,21101104481,3160.71,9156754106,296.41,1182859374
2022-05-17,22358.77,24172344480,2914.42,6480487768,299.61,1153170223
2022-05-18,22818.4,20096546455,2804.74,7463962702,317.35,1298644688
2022-05-19,22028.21,23532293657,2961.61,10509976753,338.91,1022367539
2022-05-20,22320.47,23136157748,2899.73,9325877206,320.67,1031748846
2022-05-21,22121.61,16844885479,2939.34,9403412776,342.51,1419809445
2022-05-22,21458.72,30073057707,3025.6,12711955734,348.43,803669596
2022-05-23,22466.54,17824483304,2968.55,10169573245,372.39,977208240
2022-05-24,23424.37,33132931176,3039.94,8565127534,394.89,665088337
2022-05-25,22705.86,29727907838,3067.98,9870073366,383.79,1054389768
2022-05-26,22478.17,27463889063,3156.66,14315821643,384.9,1936814296
2022-05-27,21707.72,24478900900,3079.27,7747072701,379.02,1378912968
2022-05-28,20870.98,20391767961,2908.64,13573896677,387.18,740892558
2022-05-29,20175.62,32866177181,2793.8,12883189981,424.38,491505217
2022-05-30,20581.42,34819764467,2734.12,9679809388,425.99,1190220106
2022-05-31,19595.66,21284023317,2795.03,9328221185,411.04,1233042610
2022-06-01,18627.05,33855322490,2773.94,12837616617,472.89,839772434
2022-06-02,18824.91,30537419546,2731.68,10487940345,448.08,1424302563
2022-06-03,18365.86,29314996611,2713.75,8938334013,448.46,1150326325
2022-06-04,19182.86,27505811880,2837.49,13645523453,448.45,1239913178
2022-06-05,18557.76,23602464450,2774.58,10348984752,418.53,1255414045
2022-06-06,18253.74,24562963705,2949.26,10664291766,437.51,1358033491
2022-06-07,17773.76,26141546204,2809.62,10077036799,464.22,894673197
2022-06-08,16398.72,31646337553,2745.49,9397378550,462.5,818347124
2022-06-09,16607.89,18632519944,2842.72,10248400398,464.34,1437458217
2022-06-10,17025.47,26101288214,2903.96,9259808107,460.57,985242876
2022-06-11,17613.05,19621326403,2807.95,11015062225,418.38,662631116
2022-06-12,17506.01,25433201595,2797.4,12110907674,424.36,1138601445
2022-06-13,17928.98,23675904443,2720.82,12170396396,396.63,889172299
2022-06-14,17841.2,21328382784,2816.73,12382786196,376.6,1126603081
2022-06-15,17791.34,28063541225,2879.93,12990937266,385.22,1981087530
2022-06-16,17307.71,28409369993,2800.62,11522070032,405.64,1567993676
2022-06-17,17220.92,18747387928,2847.18,8791032748,387.07,898365276
2022-06-18,16669.91,21348183505,2807.35,11924311087,412.45,664047198
2022-06-19,17032.0,27357788074,2800.97,6701586393,454.9,1030205158
2022-06-20,16642.66,22470346073,2809.9,8573257303,459.58,745777247
2022-06-21,16052.59,26493775284,2748.87,10579937331,458.04,1103694205
2022-06-22,16000.16,11086901443,2797.68,6635212649,463.57,1120733143
2022-06-23,15975.23,22992430888,2851.37,12943761562,453.85,1230508822
2022-06-24,15065.35,23305661719,2902.11,7965303600,433.43,1033388369
2022-06-25,14518.51,26344452745,3035.04,7004395525,449.47,618817421
2022-06-26,14230.96,35995099286,3004.03,8477139571,468.02,991071600
2022-06-27,14429.25,23650988056,2832.72,8471980867,455.76,1053661220
2022-06-28,14702.03,24129984721,2779.51,9947432150,446.17,1101837915
2022-06-29,15117.89,32081281665,2803.6,9684130771,431.58,1394707806
2022-06-30,14984.94,24338763038,2807.75,12062162402,415.68,722655462
2022-07-01,14559.79,33180169002,2875.23,9667121474,394.53,985770746
2022-07-02,13850.8,28745698963,2971.27,10351102387,363.55,853069469
2022-07-03,13905.65,16083215958,2959.1,8020041760,382.42,778784355
2022-07-04,13710.19,25924013706,2947.83,10994497541,375.49,1219690270
2022-07-05,13917.84,32909571858,2835.38,8450041772,377.26,841883201
2022-07-06,14416.22,26102444225,2956.77,6103414356,416.65,1607113274
2022-07-07,15459.05,26475094214,2927.48,12607670168,406.07,275270488
2022-07-08,14995.61,25876757977,2805.01,7887136390,419.51,1474530413
2022-07-09,15296.6,25717951332,2684.34,7820596026,389.92,952648423
2022-07-10,14439.77,31259511338,2641.75,8246647689,377.08,653336242
2022-07-11,14979.59,27742964231,2813.02,11302235443,392.03,1074048940
2022-07-12,14359.35,26249182532,2903.05,6953148016,386.75,1058794704
2022-07-13,14297.1,36733599972,2714.48,9203720101,357.83,1313658812
2022-07-14,13762.34,17720545083,2702.71,11153768263,329.2,1395995678
2022-07-15,14537.68,21742598926,2733.04,13793878949,335.51,790485604
2022-07-16,14826.5,23473936090,2804.08,9420629840,319.0,1020887186
2022-07-17,15305.94,23138414146,2844.6,10111653016,331.25,1121794795
2022-07-18,15237.5,16448476773,2774.28,8265499127,336.39,1078255550
2022-07-19,15449.83,38328194495,2822.06,13962581178,330.69,917425380
2022-07-20,14870.89,24558085620,2761.85,9718867256,329.61,1426114538
2022-07-21,14628.72,27624161840,2526.6,9874873897,343.53,1108884743
2022-07-22,15353.58,24919226127,2457.44,10293436674,344.26,621124459
2022-07-23,14394.24,19034698384,2392.36,8167744353,327.0,1102157938
2022-07-24,14433.89,36559307639,2486.88,9979610395,333.1,943208783
2022-07-25,15065.72,24392842769,2595.73,7477481710,326.84,931371485
2022-07-26,15652.48,25661554333,2490.93,12977684201,322.85,1269930893
2022-07-27,16030.34,24780494854,2509.82,9701053920,333.14,1212735244
2022-07-28,16046.54,26499191138,2520.4,9670270815,339.24,1104885369
2022-07-29,16831.5,32044427638,2381.16,12336391516,358.65,1145149673
2022-07-30,16669.88,24765797855,2194.73,7568288230,355.16,1280499026
2022-07-31,16653.26,8146065847,2187.92,12802512702,346.58,833712965
2022-08-01,15706.88,21677048046,2201.21,13044563644,340.35,1047007539
2022-08-02,15886.54,19619537408,2150.75,8461473592,347.51,1396142117
2022-08-03,15719.22,27798289651,1930.87,11381495078,332.78,837879701
2022-08-04,15727.02,22943844430,1929.75,9804847998,326.46,876496819
2022-08-05,14534.18,27423807089,1886.73,11765409641,311.98,828675819
2022-08-06,13949.56,25878408399,1821.88,10083919007,299.25,1328416239
2022-08-07,13881.94,22352783075,1799.48,8199662807,296.5,869268733
2022-08-08,13310.05,28754984288,1721.09,11256222221,338.03,1334163579
2022-08-09,13617.6,23504829526,1761.12,9563049421,331.27,887051653
2022-08-10,14647.39,19033883933,1762.93,10358488904,336.09,1070372766
2022-08-11,14632.53,17326782778,1724.95,11952881980,337.99,1104228591
2022-08-12,14858.91,19933583932,1745.56,12430549303,335.0,851292609
2022-08-13,14628.66,11848259795,1744.36,11258392358,335.75,708715554
2022-08-14,14387.73,24637462063,1642.57,7157768807,373.37,1297011999
2022-08-15,13666.83,25975206613,1634.1,11388864377,368.38,889081746
2022-08-16,13911.52,18858099468,1605.46,9398996826,401.86,1161810727
2022-08-17,13264.75,13324739090,1498.37,12144498116,416.41,1204440873
2022-08-18,13007.29,19150901000,1460.67,9608316653,397.64,573343771
2022-08-19,12719.29,29432126547,1486.69,12851997172,384.25,1376296579
2022-08-20,12158.54,23902931885,1451.17,11028142133,375.1,1045410524
2022-08-21,11828.5,25245649147,1536.14,10000135870,354.06,914797124
2022-08-22,11741.21,26000119145,1645.1,10586545308,376.86,893695740
2022-08-23,12138.44,24764754317,1626.04,6472049866,385.58,861167119
2022-08-24,12089.68,23900989211,1663.43,11147614456,396.97,1081313184
2022-08-25,12599.8,27980259994,1802.53,10229881826,375.93,1631878737
2022-08-26,12697.65,27836320185,1779.85,7806404562,385.74,976540779
2022-08-27,12706.72,21112013375,1718.02,10814003245,375.05,673911821
2022-08-28,12868.96,21256117139,1690.25,10638515469,427.62,931102423
2022-08-29,12686.78,24348464602,1600.81,10715241248,425.85,1636383778
2022-08-30,13039.83,26462889635,1517.62,9769213085,432.69,1034063868
2022-08-31,13045.66,27694032069,1531.25,11577035411,442.76,1594371162
2022-09-01,13040.98,24335152832,1506.84,11602892322,431.96,782268970
2022-09-02,13820.13,24030893436,1522.68,10187182953,423.32,777826541
2022-09-03,13362.67,19070382855,1553.65,9877769596,414.78,665442470
2022-09-04,12862.87,30831736053,1507.78,9092408033,434.49,724541368
2022-09-05,12775.98,24989049170,1496.99,8809860075,418.16,988172014
2022-09-06,12853.16,28729446018,1481.84,11223525037,414.9,1042395095
2022-09-07,12659.17,23433005378,1443.6,8908201445,422.6,476668921
2022-09-08,13005.87,19556573101,1396.94,7175553584,413.74,691913021
2022-09-09,13107.18,22149419329,1415.53,10491919540,384.83,761266547
2022-09-10,13220.01,22017485229,1408.46,12214832954,361.27,881262665
2022-09-11,12595.47,27444341800,1428.16,9452787260,353.55,1404608485
2022-09-12,13300.74,23063863722,1487.39,11736431233,335.93,1448282655
2022-09-13,13292.74,30382668141,1549.9,10962996938,353.94,1120930915
2022-09-14,12848.85,27685344904,1483.36,7983611506,354.44,1218267627
2022-09-15,13425.35,37551440657,1434.3,10644939535,354.15,737704853
2022-09-16,13378.58,16604879361,1420.52,9782217514,335.7,1082783541
2022-09-17,13009.85,31990429196,1428.42,11364447761,345.43,453251173
2022-09-18,12488.0,22342360852,1483.95,4428750272,339.05,957343335
2022-09-19,12452.38,24845025656,1428.78,11662589656,322.36,1061644023
2022-09-20,12150.04,26488732984,1404.87,11482824923,311.65,1223714550
2022-09-21,11714.08,30620981459,1419.67,8150493018,354.13,931411085
2022-09-22,11648.43,25458193799,1492.1,12139477638,342.92,931600875
2022-09-23,11527.02,22889758533,1577.67,9697385555,327.49,662783070
2022-09-24,11282.99,33571891021,1516.36,10369004404,348.39,284387587
2022-09-25,11626.8,21657623678,1504.45,11732426412,362.52,764915065
2022-09-26,12209.2,29964333879,1457.5,12693077217,357.12,379532259
2022-09-27,12801.2,24128404874,1508.66,10347209629,384.51,834802349
2022-09-28,12609.7,31207677629,1536.79,11376583155,355.64,858803832
2022-09-29,12358.4,24887389820,1515.86,10892533365,346.72,532139976
2022-09-30,11679.82,20933257924,1480.14,8550361122,317.69,401444225
2022-10-01,11548.24,19407323419,1498.6,13289932446,341.77,894392640
2022-10-02,11146.1,21603968332,1559.47,11562680616,342.56,771060152
2022-10-03,11190.24,28593759640,1513.23,10313400263,393.35,1078599345
2022-10-04,11061.25,32119764083,1494.66,12167895880,403.11,1214347491
2022-10-05,11281.43,25466021247,1502.33,11107969037,413.44,1435597167
2022-10-06,11238.48,26741920762,1504.32,8915632430,389.16,1243607008
2022-10-07,11392.76,17643374497,1525.7,12033386783,365.23,677554436
2022-10-08,11609.52,24141642089,1466.78,10156917665,355.62,933706954
2022-10-09,10653.86,30492056759,1433.15,11272458178,372.84,1586323766
2022-10-10,10264.84,30266537056,1318.47,11945369379,352.27,694877192
2022-10-11,10331.54,18817707106,1322.2,11930916516,309.8,849121029
2022-10-12,10311.12,22819546262,1380.86,13798326037,323.64,1355571591
2022-10-13,10359.49,22224175182,1272.54,10436594634,339.13,1138262769
2022-10-14,10162.72,26499461347,1241.53,9706621999,322.21,774208244
2022-10-15,10395.74,21526750074,1287.74,8593718489,329.07,1064593858
2022-10-16,10210.81,25090156160,1281.17,8794420547,348.43,781360276
2022-10-17,10099.46,31660082968,1188.36,11386178190,369.86,1231883520
2022-10-18,9857.34,25866541303,1245.98,10902775437,339.13,927833279
2022-10-19,10073.76,23230338866,1177.61,8330745448,339.19,979264577
2022-10-20,10338.05,25787297787,1244.73,8834967528,324.37,1025752148
2022-10-21,10298.94,17820819499,1216.69,9183056919,340.26,370199114
2022-10-22,10408.44,24622089013,1183.5,13178899823,340.65,919563592
2022-10-23,9670.1,25565307221,1185.48,8205443076,318.08,1090758977
2022-10-24,9976.04,33240005041,1185.14,10794546684,318.53,992148601
2022-10-25,9293.83,20123711476,1214.68,6820370346,327.39,812546258
2022-10-26,9084.72,30351375023,1240.09,9617560907,299.99,950428711
2022-10-27,8333.6,27878360269,1233.51,12847014626,277.72,1415652638
2022-10-28,8144.74,34003439492,1301.3,7579532796,266.5,1179320785
2022-10-29,7944.64,32751610864,1339.78,12380682469,260.86,787490074
2022-10-30,8499.84,27570943958,1355.35,6307594560,251.73,1301741483
2022-10-31,8145.74,24020039373,1363.51,10190564156,226.98,1069067326
2022-11-01,7402.78,33106554016,1359.14,7873341424,207.57,832725785
2022-11-02,7414.53,34399906065,1355.74,10038029604,205.99,445504074
2022-11-03,7311.35,24358588219,1393.12,9597180243,209.43,1154850569
2022-11-04,7590.67,34098827983,1420.65,11702154810,198.58,645831590
2022-11-05,7782.97,26112850490,1423.76,10617851139,199.26,1086657213
2022-11-06,7309.37,30136532879,1483.65,10412703226,219.25,1316327301
2022-11-07,7198.84,20499967232,1469.05,8992770346,215.67,1192733023
2022-11-08,7098.55,28451058350,1495.79,10973118710,209.55,622699605
2022-11-09,7103.1,25739644589,1549.04,8482615152,200.78,708755472
2022-11-10,7002.96,25343128720,1482.33,8796154149,204.96,1186215657
2022-11-11,6955.11,22185961436,1467.63,8825159304,206.58,1315209268
2022-11-12,7001.01,22786954502,1569.88,11210917676,208.51,991658143
2022-11-13,6553.9,28282034008,1511.83,14596681989,203.55,944631942
2022-11-14,6319.37,23935488529,1584.08,9948477071,207.31,1540520762
2022-11-15,6614.82,16255695263,1519.24,13914809295,211.23,1494154636
2022-11-16,6894.82,20049688486,1545.01,8046550824,208.91,1074329402
2022-11-17,6938.0,31960506616,1481.51,8884167398,221.62,888728039
2022-11-18,7071.72,25458906264,1446.3,11118240987,203.23,1196271326
2022-11-19,7325.02,24411526455,1425.61,11296275056,210.59,630192336
2022-11-20,7704.95,33187231392,1395.49,11602138888,208.63,1064629887
2022-11-21,7687.5,15974257756,1453.81,13232680246,217.76,1076581348
2022-11-22,7519.57,19839568944,1504.0,9676066846,240.69,1372605729
2022-11-23,7847.13,28507242064,1558.2,12249929110,240.85,1170711426
2022-11-24,7775.64,30866404663,1571.24,10580515411,237.97,459315718
2022-11-25,7546.8,26739946953,1678.56,4438824286,237.32,1564725788
2022-11-26,7708.84,19264542910,1750.13,8104307477,255.32,1181791717
2022-11-27,7666.45,30109733887,1774.07,9038260089,277.1,403454175
2022-11-28,7649.84,26170230114,1702.21,10313319551,279.32,539815545
2022-11-29,7630.86,20645883207,1750.57,11150758509,288.99,1214245933
2022-11-30,7844.82,14287130884,1797.92,9543260561,318.2,610156655
2022-12-01,7887.93,25096554213,1805.8,12712393859,327.44,1250559301
2022-12-02,7925.89,21210590703,1859.15,8154098860,301.94,686552517
2022-12-03,7550.09,20184254162,1918.45,10043510826,288.91,524804895
2022-12-04,7190.04,20917802170,1896.82,11930001575,281.49,1483501080
2022-12-05,6914.14,22984426894,1941.36,7848889101,287.58,1527515793
2022-12-06,6763.65,22226094734,1969.68,12601786263,279.08,919732420
2022-12-07,7046.5,25466368660,1995.71,11996783864,300.96,1497910927
2022-12-08,6912.18,31838313622,1969.79,9770157706,293.53,1117297596
2022-12-09,6812.74,13847428880,1934.81,10101988011,319.74,1164041615
2022-12-10,7322.3,20103292825,1945.18,9919197532,308.89,957239302
2022-12-11,7428.65,25046182630,2061.06,10136784173,332.56,1218588835
2022-12-12,7340.98,25156630576,2263.38,12582315736,336.4,1465574314
2022-12-13,7530.56,27521431288,2231.49,11122775176,363.81,1473643861
2022-12-14,7575.83,23782958426,2140.62,7344626127,405.16,1660432946
2022-12-15,8012.18,23935097422,2112.84,7014130373,446.22,1588660069
2022-12-16,8243.55,26502505481,2044.65,11294820900,473.07,1239901830
2022-12-17,8038.07,30087832389,2012.03,4844769870,455.31,893214667
2022-12-18,8425.79,28097804428,2045.45,6942091747,436.76,1307331230
2022-12-19,8135.77,23029325359,1973.18,8858394769,368.57,1248289807
2022-12-20,8779.47,28683250050,2023.05,10032527584,400.25,928870660
2022-12-21,9006.35,27019909469,2089.38,12773870433,429.89,707361342
2022-12-22,8452.05,21216474702,2221.37,10427189617,455.76,808477653
2022-12-23,9219.51,29257111022,2390.48,17086075409,429.94,588614238
2022-12-24,9066.6,28797151793,2489.32,10499578555,501.0,785866935
2022-12-25,8444.26,20186425645,2727.26,11781027773,484.73,1111978442
2022-12-26,9128.3,29972998965,2674.9,12098147346,509.93,1434227423
2022-12-27,8936.13,23713005371,2706.27,9856360591,468.73,1091069890
2022-12-28,8969.09,34959895772,2726.59,11969365770,455.11,894410852
2022-12-29,8972.3,20021383026,2776.58,11256929264,488.42,916648701
2022-12-30,9079.5,24838366372,2894.47,10538032959,518.64,1005841124
2022-12-31,9352.32,24093515170,2859.0,8802281877,490.99,1427264699
2023-01-01,8862.67,19843128170,3063.65,9212051315,490.73,1090026307
2023-01-02,9804.98,22295417215,3226.01,11655732555,523.73,513034228
2023-01-03,10132.22,25914339181,3273.86,9993421056,475.74,1048710720
2023-01-04,10225.31,23058472209,3338.22,10870296849,498.06,522129102
2023-01-05,10552.88,26236277943,3213.95,10871062512,459.57,828440336
2023-01-06,10692.14,22186412610,2912.65,10620232532,477.48,1069308495
2023-01-07,11105.5,26644129831,2904.98,10094309409,472.56,772085580
2023-01-08,11457.72,26210616088,2944.64,11238001979,500.39,996084895
2023-01-09,11897.31,19812426988,2974.28,11722894634,488.17,1392497105
2023-01-10,12202.72,11460564105,2849.12,12807985281,480.38,785805458
2023-01-11,12234.89,26816819051,2800.85,11064424647,472.5,1351056042
2023-01-12,12425.13,19709996948,3006.86,8942043617,449.58,1297264150
2023-01-13,12336.61,1573543658,3098.58,8715559733,443.69,1238103075
2023-01-14,12634.31,29643191150,3178.84,11338238443,420.51,771354736
2023-01-15,12095.47,23350673793,3142.93,7023887932,408.41,1359889700
2023-01-16,11538.81,28368008993,3240.17,9029697086,424.45,1148514444
2023-01-17,11956.47,29407049945,3414.12,12141930914,417.52,1253508154
2023-01-18,11351.04,41021775652,3522.52,9407431436,443.21,1045384063
2023-01-19,11524.06,26926997871,3469.63,8762406532,461.17,1416319151
2023-01-20,11836.96,30006577172,3512.94,12524671087,483.03,631560653
2023-01-21,10932.89,32010036254,3395.63,4773656516,454.36,1156647239
2023-01-22,11009.91,34088013938,3358.25,9913910893,465.24,1273353996
2023-01-23,11659.71,24807444836,3442.04,9153271681,503.83,1864929600
2023-01-24,11420.76,26181681120,3373.26,9091207258,529.96,567290750
2023-01-25,12070.32,29104782961,3346.07,11876262070,567.3,678005422
2023-01-26,11581.87,18070694967,3546.6,13056911087,617.08,966521494
2023-01-27,10680.22,28125766646,3526.94,12326156424,568.74,1112978538
2023-01-28,10305.11,32856559373,3640.24,11306880976,587.37,789215290
2023-01-29,9971.42,25941179408,3601.15,10715932915,605.91,1244166490
2023-01-30,10251.42,30005720873,3445.88,9581665355,600.12,955889463
2023-01-31,10110.29,20908668431,3450.48,10073034211,559.21,1053228150
2023-02-01,9820.72,29648462677,3405.46,6833122149,564.28,615544937
2023-02-02,9527.85,16890635917,3147.56,9024764456,559.96,1140186216
2023-02-03,9931.54,23407682975,3004.23,11255485378,623.68,1047092528
2023-02-04,9237.24,30878264972,2957.93,9826940932,670.73,1460309672
2023-02-05,8745.12,21472784247,3140.24,11711918410,656.56,1250923673
2023-02-06,8523.67,27965521594,3073.0,6966828446,620.42,1458685099
2023-02-07,8463.37,19660360332,3072.71,8945958511,592.94,1112171270
2023-02-08,8630.84,25440608877,3154.25,8069469445,591.91,787262045
2023-02-09,8945.76,25627025459,3194.72,12165233935,569.53,1220134399
2023-02-10,8679.77,23463180967,3155.85,9542941165,635.26,555175822
2023-02-11,8794.84,20627868971,3380.37,9481292150,595.85,589702898
2023-02-12,8428.05,23027569126,3569.26,7629711685,593.66,814688090
2023-02-13,9232.09,19757504944,3243.67,9063546001,599.17,1247882179
2023-02-14,9198.78,20506998777,3373.77,8054409800,613.77,1317310100
2023-02-15,8709.99,19030777303,3451.5,8928628990,584.27,479051688
2023-02-16,9017.88,23465324506,3592.63,14395889818,577.99,895753839
2023-02-17,9041.95,30883356807,3609.69,7766036775,584.68,1350338905
2023-02-18,9416.02,37268884113,3734.34,9544926188,596.27,866176655
2023-02-19,9699.36,27746759895,4035.99,8281640513,578.58,499965192
2023-02-20,9095.5,27188140981,4324.83,12662561433,570.04,1005085902
2023-02-21,9311.0,20740731413,4648.68,8123104804,578.01,1396077083
2023-02-22,9163.15,21496126208,4852.93,8329939528,643.01,807920918
2023-02-23,8983.86,29151011219,5040.06,10785803109,603.33,820647134
2023-02-24,8972.14,30845292326,5238.37,13358408302,628.15,1607132485
2023-02-25,8911.07,20972551186,5017.01,10516721433,686.43,1207926778
2023-02-26,8963.46,22810962840,5497.12,8917965095,637.67,662097577
2023-02-27,9291.85,31090007093,5555.94,4958737962,692.03,1253074217
2023-02-28,9303.06,31305249489,5634.87,2831070831,749.58,1372236911
2023-03-01,9403.21,29835310816,5668.63,9885594538,754.65,913129465
2023-03-02,9917.54,22748694153,5783.3,10096399384,798.15,1069372213
2023-03-03,9859.07,22712109270,5323.0,12398612238,868.58,1268529942
2023-03-04,10024.01,25295261992,5378.38,10974887263,864.84,1110200186
2023-03-05,10082.91,12963256115,5120.97,9521715453,879.35,1480728295
2023-03-06,10542.11,26601859520,4930.49,12595506466,833.0,1422592289
2023-03-07,10233.73,29553059724,4585.31,13485659874,805.77,1305598282
2023-03-08,10357.4,25522412419,4288.28,8735088088,812.68,1494199460
2023-03-09,10781.2,26583048476,4394.38,11889955151,812.63,938594972
2023-03-10,10929.07,19789435591,4314.84,12420733722,891.93,790503542
2023-03-11,11212.86,26876771317,4302.06,8513263011,885.78,623400267
2023-03-12,11220.83,26655948387,4277.73,11164533474,833.53,860343750
2023-03-13,11490.25,22127928222,4089.59,9972724022,879.62,697057143
2023-03-14,11493.93,25760464289,3980.48,12379829783,930.06,961526055
2023-03-15,11907.81,18874918947,3790.27,12245340828,955.71,1328255141
2023-03-16,11945.08,21027535428,3747.62,5801649168,953.92,1491751816
2023-03-17,11815.64,24779858212,3434.72,9583995475,918.87,1253140606
2023-03-18,11901.55,20837554242,3384.73,12775235122,892.02,1228223957
2023-03-19,11788.34,19636178362,3512.7,11053026191,974.86,1141360842
2023-03-20,13011.8,19051860096,3688.55,7983391265,1023.19,1211493019
2023-03-21,13373.04,26705428905,3863.56,9074832716,1034.9,903686024
2023-03-22,13524.23,30132744420,3943.78,7894375521,1064.97,864459354
2023-03-23,13478.36,31333726033,3792.55,10687014138,1051.14,691895160
2023-03-24,13955.9,25042551910,3934.87,7432718624,1005.18,958763043
2023-03-25,13792.66,23972880118,4020.08,12473210946,985.18,1152053443
2023-03-26,13669.08,24918724215,4065.92,11726333088,987.76,1006261974
2023-03-27,13463.75,29521828404,3877.62,13391367302,908.0,1106483456
2023-03-28,13350.15,19945958274,3941.25,12187017411,843.59,1617540977
2023-03-29,13257.59,24715451449,4171.74,12076155291,771.33,1182595544
2023-03-30,12834.81,25611886196,4299.72,11873098252,755.97,1224850360
2023-03-31,13021.55,23190612729,4263.87,11194238070,784.83,1056069670
2023-04-01,12562.39,31151088644,4360.43,6195779030,732.34,1212082557
2023-04-02,12830.28,25859985501,4364.14,11166876537,690.44,740354749
2023-04-03,13396.02,22625453743,4398.23,8495175908,634.38,1212148347
2023-04-04,13129.67,32018600835,4551.68,5283937486,620.02,1249316076
2023-04-05,12918.75,18852294110,4617.46,13213790893,582.29,1312384694
2023-04-06,13424.3,22979238476,4634.03,10052315963,552.16,592137735
2023-04-07,13178.81,23489472068,4708.61,6821254193,520.76,965366972
2023-04-08,13258.62,20550332373,4560.74,10677040189,589.65,1424950166
2023-04-09,13257.98,30005884013,4386.59,10933885899,587.42,1249278317
2023-04-10,13205.43,18398546493,4474.89,10454815382,567.42,609523537
2023-04-11,12877.8,24761915918,4373.54,13009043958,554.16,767697450
2023-04-12,13206.21,19259568450,4474.77,7847988079,581.66,678479278
2023-04-13,13280.24,22375978327,4161.79,11864100900,613.99,1131994217
2023-04-14,13133.65,29971548864,4367.53,8116040206,623.63,1270445715
2023-04-15,13029.72,19253408465,4352.99,11009200198,560.73,930654894
2023-04-16,12552.03,19877126412,4653.96,11363783200,592.27,504586203
2023-04-17,12837.62,27653985375,4220.45,9099743569,628.45,1047040932
2023-04-18,13087.78,21604903825,3950.05,15107076326,656.34,403174982
2023-04-19,13848.45,27367941724,4179.51,6450677061,674.28,1291950107
2023-04-20,13521.6,33038715011,4208.53,7098025537,677.89,708987697
2023-04-21,14428.38,25227313756,4262.71,9130784700,724.62,688539048
2023-04-22,14518.27,26937356638,4286.96,8274795864,713.62,649296801
2023-04-23,15241.19,27997877297,4317.54,12333485983,756.4,972144600
2023-04-24,14412.52,26812422710,4414.2,8894065430,737.87,1004060862
2023-04-25,14572.16,9700372942,4243.89,12728009263,723.59,1103333743
2023-04-26,14911.34,19496205308,4219.08,9175758419,707.3,940569636
2023-04-27,14146.3,34248142170,4446.42,11673598295,687.1,947852259
2023-04-28,14400.54,27019993247,4482.08,11660131016,669.92,1289293767
2023-04-29,14934.38,21444004532,4376.42,10293211351,699.12,1391759838
2023-04-30,14509.62,26472279544,4396.73,11491915460,762.26,1070035080
2023-05-01,15034.86,28286802144,4586.89,10761807912,734.51,1164668755
2023-05-02,15283.91,21871642524,4554.46,14289530635,694.89,1240775921
2023-05-03,15855.05,28357275717,4526.18,14821303098,744.92,945880838
2023-05-04,15683.8,33792623198,4619.29,9381574165,732.41,827548847
2023-05-05,15099.55,28424587007,4782.18,11051645531,744.5,605540546
2023-05-06,14844.83,28618674894,5075.6,12379925936,751.64,865035913
2023-05-07,14954.73,25904090984,5053.98,11210276929,790.84,1488896076
2023-05-08,13878.48,28993918862,5128.98,14014546955,754.54,803861740
2023-05-09,14087.01,21718772736,5351.25,15355952117,804.13,635867858
2023-05-10,14099.9,32498849908,4966.07,6112129944,840.91,949848979
2023-05-11,14044.47,27462378070,4999.41,8977342140,746.72,1086537667
2023-05-12,12704.25,31591209184,5097.23,12744296878,741.03,1126453390
2023-05-13,12239.06,34857729097,5085.65,11140369296,726.57,744733556
2023-05-14,12105.43,20300095709,4921.45,8655943193,742.58,1140219495
2023-05-15,11889.68,25232417601,5042.88,9601008900,740.78,872969042
2023-05-16,12032.61,18919390574,5304.4,10345590718,711.69,893250599
2023-05-17,11652.16,35940051201,5291.93,13397216880,698.99,947739426
2023-05-18,11325.12,22544438404,5197.5,8175731834,713.05,742936656
2023-05-19,11656.86,20309806724,5159.54,10509813556,715.26,846133431
2023-05-20,11912.62,27865619264,5496.07,13048321110,709.81,1218410843
2023-05-21,11787.78,25769846227,5782.34,12187549048,801.74,695782276
2023-05-22,11524.42,30447491668,5800.06,9813715880,825.92,903986567
2023-05-23,10810.33,20990039506,5560.07,9524131738,777.77,1159272527
2023-05-24,10972.13,30879801561,5294.48,6501118629,783.48,1079513169
2023-05-25,10771.4,31082618267,5234.47,6654095644,798.17,1084012568
2023-05-26,11402.75,16883902048,5176.68,8308436850,756.81,666484752
2023-05-27,11133.07,23308258601,5239.7,11751085016,762.19,631709025
2023-05-28,11134.88,19509176831,5016.66,11708309434,728.6,939671781
2023-05-29,10874.63,19501732979,4999.41,12673520981,645.98,830831533
2023-05-30,10986.5,19489014406,5114.53,11900113133,658.74,481798538
2023-05-31,12076.62,21652796013,4789.67,11595826660,682.28,985063784
2023-06-01,11940.27,21971189686,5256.64,10410583406,706.25,1122796868
2023-06-02,11568.01,20582897856,5387.36,8472962616,701.24,1429174938
2023-06-03,11731.19,36583701330,5510.6,12510848066,679.58,971183741
2023-06-04,11852.49,17783431317,5240.78,9312265789,689.0,946427449
2023-06-05,11168.49,22364603285,5039.53,6432256468,705.9,774293703
2023-06-06,11557.07,21912142011,5257.25,10964661053,742.8,1073832291
2023-06-07,11147.21,12394175102,5456.15,10242030997,799.82,918091514
2023-06-08,11527.05,27450000879,4960.39,14933405646,836.71,1602577987
2023-06-09,11577.97,27878653945,5203.55,9525707143,811.7,798530074
2023-06-10,11373.35,25565740477,5366.74,10760329787,810.26,1392079159
2023-06-11,11518.75,17522768493,5512.13,7743644095,751.54,956492073
2023-06-12,11271.81,25211996194,5283.44,11421105263,782.48,673256242
2023-06-13,10750.84,17744965239,5348.42,10577812756,808.71,1137295416
2023-06-14,10530.81,23845864508,5230.95,8416743398,864.09,1113946361
2023-06-15,10494.78,24742260273,5360.19,10528420653,888.68,1471932256
2023-06-16,10049.65,26146106341,5780.33,7482395043,969.53,1243934035
2023-06-17,10050.76,23572313899,5942.35,11194211476,935.04,1040825000
2023-06-18,9659.55,26511020218,6201.34,9110937876,953.65,899331553
2023-06-19,9855.01,26980321178,6137.7,10749255875,942.42,825646791
2023-06-20,9830.36,24574890157,5905.15,8203655011,932.73,997210691
2023-06-21,9700.01,21135221341,5921.47,8478666447,848.43,1090276442
2023-06-22,8909.0,27881713519,6185.58,9696684995,815.81,788645207
2023-06-23,8984.56,28476697186,6574.03,11693039575,732.99,799301670
2023-06-24,8333.57,30155472529,6573.48,10280580248,720.64,1125779196
2023-06-25,8127.82,24990630236,6655.8,5253304139,694.41,757084765
2023-06-26,7706.69,29759863081,6566.08,11358705069,699.9,986848230
2023-06-27,8100.89,21515696568,6145.28,9792866837,634.14,937393892
2023-06-28,8051.71,24389958066,6181.07,11288137377,616.55,805266011
2023-06-29,8086.73,25981452196,6282.48,12321685541,608.08,1415019307
2023-06-30,8234.3,33589432352,6194.29,11671538557,536.29,1311031608
2023-07-01,8093.73,22578664013,6166.62,8548232292,585.88,1028042193
2023-07-02,8265.55,24270645408,5752.82,9284553619,600.95,655209001
2023-07-03,7861.15,22042182613,5779.97,11015513781,575.92,1096152718
2023-07-04,8093.96,30537899145,6122.89,12038186508,637.43,978529641
2023-07-05,8244.7,28780312228,6132.25,8462713441,685.3,999033248
2023-07-06,8244.17,24240881310,6295.31,8736155884,598.34,1029518742
2023-07-07,7683.52,17576415870,6423.69,8024083536,587.95,865494587
2023-07-08,7190.51,28735547221,6247.7,10822779961,567.56,1694228394
2023-07-09,6885.66,18835189378,6315.84,8562652148,568.12,1207330842
2023-07-10,6751.74,29088373396,6127.76,14669209990,538.7,972357765
2023-07-11,6880.67,17201180290,6901.73,11685116751,530.32,1117699059
2023-07-12,6803.54,28593034306,6975.86,12390622803,531.74,899750313
2023-07-13,6722.11,21807868675,6695.55,11232191050,463.42,799850460
2023-07-14,6684.94,17621244647,6313.09,8817920321,465.75,768732624
2023-07-15,6511.84,27430063199,6717.12,4895304009,501.98,1139283677
2023-07-16,6325.6,25338991686,6900.9,12941476434,504.62,1368940365
2023-07-17,6240.44,13713879182,7028.36,10633750931,536.47,1447593757
2023-07-18,6410.04,31543131943,6672.87,6214976508,584.12,1115462245
2023-07-19,6416.15,23570809522,6540.65,15714834616,592.78,1130325150
2023-07-20,6475.68,16337266885,6246.43,11519191766,605.06,541100416
2023-07-21,6781.4,25246996397,6542.42,13228648167,618.17,468621840
2023-07-22,6399.72,27648173825,6422.55,9520757445,603.77,914223508
2023-07-23,6171.28,25992980384,6952.97,6452951187,683.28,1293326060
2023-07-24,6270.05,21994762129,7115.77,8445947161,700.02,1414228590
2023-07-25,6326.51,28811735245,7041.93,11610514439,721.86,969382921
2023-07-26,6199.62,22081456523,7447.25,5770862463,760.64,668553381
2023-07-27,5861.86,19351958605,6865.32,8946166640,824.91,943132807
2023-07-28,5850.49,30111358024,6656.89,12326830672,766.33,998387906
2023-07-29,5859.53,22413830549,6566.79,12174423118,725.06,737587002
2023-07-30,6044.77,22551106098,6869.64,10175872987,731.13,945162762
2023-07-31,5888.65,32309164132,7188.69,4860369985,752.68,1271645884
2023-08-01,5916.95,19800414922,7309.26,9490126551,704.98,839708732
2023-08-02,5624.2,32422207987,6825.32,12607483990,654.46,983106588
2023-08-03,5260.96,24024571937,6698.79,11770800473,682.85,1556113499
2023-08-04,5607.76,25851907325,6425.48,9223623582,710.57,1150240993
2023-08-05,5516.28,25117345488,6770.24,10781703206,699.68,1157469123
2023-08-06,5686.58,22249493670,6668.02,11176918170,688.74,870264164
2023-08-07,5805.22,26672658471,6843.13,9227249546,665.13,1269718514
2023-08-08,5824.4,30983534106,7387.42,8537943910,623.51,572183294
2023-08-09,6078.56,19732402502,7383.18,8610673683,593.92,1402951107
2023-08-10,6485.52,20139449202,7610.38,8328160250,598.79,1008311984
2023-08-11,6398.15,25928418076,7512.59,9866222671,592.04,755397712
2023-08-12,6421.99,22806645471,7544.82,9938357322,623.23,811688499
2023-08-13,6152.45,34347218756,7575.79,11193195160,578.89,948268431
2023-08-14,6206.61,27002470144,7598.5,11201919304,526.58,315258351
2023-08-15,6321.45,24081871894,7637.7,9747072552,542.06,884902954
2023-08-16,6217.93,20205541489,7536.6,5726285010,513.7,960686933
2023-08-17,6144.4,25689846341,8140.02,11144664261,503.68,551560953
2023-08-18,6010.75,21642141801,7950.66,8225328669,503.1,1033973018
2023-08-19,5970.42,29768085187,8048.54,13515284949,468.29,1260367480
2023-08-20,6203.86,17876940224,7972.45,9420722077,429.29,481815473
2023-08-21,6163.79,25107184904,7301.06,14530064205,434.18,710504555
2023-08-22,6132.31,28309589368,7607.86,11312421900,372.98,1107734420
2023-08-23,5938.63,19299480030,7696.14,13394447807,384.41,1558812158
2023-08-24,6042.1,20257781096,7301.51,10429627864,347.48,819477978
2023-08-25,6109.0,20190514077,7107.99,11065027327,361.65,1025902110
2023-08-26,6028.82,28544526234,6678.9,9185098437,366.33,777909334
2023-08-27,6372.69,26360068050,6770.22,9088358583,369.52,1016520447
2023-08-28,6079.25,15676036274,7221.72,9089595176,378.02,1142144590
2023-08-29,6337.91,25402584097,7598.06,11535717351,379.37,824310298
2023-08-30,6444.15,25866688975,7230.14,7777426707,350.54,1188052633
2023-08-31,6187.89,27517460776,6762.8,12083328518,365.25,1957667757
2023-09-01,6311.93,31482789211,6921.03,9511705865,366.4,1476605996
2023-09-02,6675.77,16597342039,7417.84,11294067050,374.37,982600546
2023-09-03,6946.04,29906854305,7447.38,8063810229,370.3,1063193123
2023-09-04,7072.25,17746365013,7781.62,10154749903,363.73,581736503
2023-09-05,7409.65,21409678436,7373.61,6611216029,381.11,915194448
2023-09-06,7132.52,21929504518,7354.46,8737247569,399.73,830315530
2023-09-07,7187.02,23226913630,7498.91,9627451261,403.41,701371457
2023-09-08,6892.77,22849059989,7389.81,7988074430,376.42,378794616
2023-09-09,6837.71,24341968779,7335.99,9553546286,356.47,1407497335
2023-09-10,6850.48,28007431586,7552.42,10245420090,336.27,1098011793
2023-09-11,6860.02,29721610072,7378.68,10280155431,356.36,607507179
2023-09-12,6892.89,28093939952,7103.12,5917060061,365.39,1176046567
2023-09-13,6824.83,24247658180,7330.35,9398325773,365.96,1174667456
2023-09-14,6863.38,21265627958,7413.91,9576084431,362.39,575180372
2023-09-15,6983.76,29481044960,7135.57,8300311719,347.57,1331684034
2023-09-16,7333.13,28205542276,7271.66,8077784487,362.95,284125180
2023-09-17,7371.41,27745943645,7121.22,13848106196,342.57,1209165472
2023-09-18,7773.43,26108687016,7316.88,11678811554,326.8,649237494
2023-09-19,7567.82,28443025026,7325.38,11989574387,342.05,1067115943
2023-09-20,7783.54,15102544378,7252.69,12390570764,353.95,401769696
2023-09-21,7952.86,29346802509,7042.33,8126553686,352.65,1001287396
2023-09-22,8043.39,27782655419,7109.9,9487828474,329.17,1284128370
2023-09-23,8689.34,21790763748,7107.2,6460539506,307.32,1325333977
2023-09-24,8668.92,29557388711,7677.04,10377387378,322.07,991634580
2023-09-25,8824.84,21976104634,7674.52,6170581399,329.01,1013291686
2023-09-26,8557.01,20606179012,7282.25,8553831633,357.21,725022555
2023-09-27,8347.6,26249483768,7921.96,11489331867,348.61,816967776
2023-09-28,8269.4,31680526426,7312.09,11080201105,347.58,954183052
2023-09-29,8737.55,26569762123,7822.27,8037116957,330.67,566122614
2023-09-30,8869.31,17199875324,7567.47,8202697425,362.49,1048128258
2023-10-01,8714.2,21608913749,8010.65,12606253416,331.19,855897097
2023-10-02,8864.23,28091310964,7962.41,10891893785,343.17,1071821320
2023-10-03,9436.69,27442228991,8148.01,8991528686,375.49,1186712648
2023-10-04,9320.07,21526148199,8168.44,10288575614,357.05,891021961
2023-10-05,9430.1,26611792500,8142.86,10247772209,330.65,653807366
2023-10-06,9303.22,32308360781,8324.78,7847121331,313.46,1082930824
2023-10-07,9242.6,22427551305,8123.65,8891715216,290.5,777168264
2023-10-08,9569.03,30258708189,8290.54,5789548959,296.6,948452980
2023-10-09,9304.91,26196211484,7949.28,10476166872,295.6,985983714
2023-10-10,9400.07,22962862037,7729.11,10165546859,281.75,622549777
2023-10-11,9511.44,23735273135,7582.37,12074689024,277.91,1164068373
2023-10-12,9438.05,25065368656,7560.93,12059241985,302.36,623646481
2023-10-13,9217.63,31619960844,7946.35,9091639172,298.74,956007333
2023-10-14,9415.64,26811125780,7693.34,13201929228,292.82,1223441226
2023-10-15,9204.35,26344396560,7441.06,8536935120,326.22,1157154702
2023-10-16,8867.59,20482649970,7121.31,11879460303,311.22,1095881184
2023-10-17,9366.5,23781623575,7013.58,8961320818,303.85,1530236255
2023-10-18,9384.84,20547443889,7180.05,8758311334,329.83,1015830737
2023-10-19,8924.9,20436047780,6975.53,7513383967,330.92,1108845842
2023-10-20,8737.32,30639839793,6900.63,9875424873,298.43,1346010668
2023-10-21,8600.96,26927548552,6746.26,14513140638,284.83,551381783
2023-10-22,8587.22,17704891926,6775.06,10311788787,251.94,934690697
2023-10-23,8461.57,27633618262,6256.08,10946118591,243.26,1297286617
2023-10-24,8706.83,28699298482,6412.04,9321124999,247.63,1195187933
2023-10-25,8877.73,20104103593,6659.31,11009868189,226.28,867229386
2023-10-26,9491.88,22584189610,6445.88,11250278901,246.11,1197991891
2023-10-27,8788.68,23123632201,6433.37,10956830347,263.7,1218955860
2023-10-28,8671.64,28441954994,6208.89,12753499032,275.5,1057030254
2023-10-29,8592.72,28771554230,6468.12,9955044317,264.58,1381706355
2023-10-30,7885.02,24799591498,6639.3,10842181668,264.92,692124977
2023-10-31,7698.27,24694159067,7461.99,13103678395,273.02,1227578340
2023-11-01,8184.95,25251750987,7407.03,11259093343,287.69,990845131
2023-11-02,8032.06,16440344948,7158.77,8510253933,308.53,959788671
2023-11-03,8139.45,16179688519,7029.46,12562471983,273.91,472830971
2023-11-04,8165.69,29860061728,6691.39,11293000708,263.32,1697831191
2023-11-05,7628.49,24443787901,6754.39,8400245814,246.96,257869391
2023-11-06,7381.47,24051103156,6845.8,8454475366,242.3,1039897539
2023-11-07,7557.06,19286546236,7111.27,9228443423,245.0,945644866
2023-11-08,7862.82,20322549606,7235.44,11669268507,277.85,1544104853
2023-11-09,8339.03,17499380516,7125.11,10687976361,276.27,830515496
2023-11-10,8097.02,29480135169,7512.58,11991630682,290.26,938692238
2023-11-11,8233.34,23144369929,7698.63,14958865056,291.91,1055756518
2023-11-12,7997.3,27149199243,7969.3,13495694753,291.21,1220287255
2023-11-13,7903.78,21622301565,7614.85,10248833107,320.44,1334912544
2023-11-14,7350.47,22659588228,7375.0,8699800296,301.28,1197652463
2023-11-15,7430.8,32707230039,7198.41,12814523181,312.55,364087917
2023-11-16,7914.43,27958725471,7096.77,8611961841,350.2,816198962
2023-11-17,8018.67,21336530981,6512.43,8469127041,422.73,1213938634
2023-11-18,8072.92,19816022805,6843.81,9797981153,410.79,1205501975
2023-11-19,8212.41,21427984832,6797.44,10593803867,390.13,1339341164
2023-11-20,8366.39,23891237250,7043.78,9516637610,363.88,831683278
2023-11-21,7991.19,17259785326,7277.79,10558761611,355.61,959450611
2023-11-22,8247.09,34181889408,7740.28,4650749132,355.45,1062359758
2023-11-23,8106.15,28317541765,7934.93,9291621695,355.57,1284251387
2023-11-24,8679.41,27200746167,8071.24,10098549072,378.19,1386716596
2023-11-25,8954.38,7910807871,7852.13,11448495187,371.48,1031235264
2023-11-26,8995.87,14760362804,7908.23,10728315476,377.84,1423103186
2023-11-27,9044.93,35488969260,8502.61,9577612869,344.66,1089826290
2023-11-28,8280.79,28144055900,7942.77,15020817077,332.04,1217036806
2023-11-29,8305.22,32466263790,7740.74,11999961243,328.94,613458234
2023-11-30,8332.78,33369208604,7846.31,11275163332,288.42,712975795
2023-12-01,8330.08,36051561592,8392.31,10662782928,290.05,1412219258
2023-12-02,8123.64,34459490951,8053.83,10958823033,304.21,874665904
2023-12-03,8315.28,26419779916,7932.43,8399696814,305.21,1487341679
2023-12-04,8440.77,26132960018,8004.69,7989589344,308.58,1368779589
2023-12-05,8336.95,28622887019,9090.76,10499989698,308.2,623344330
2023-12-06,8351.82,29226275167,8808.75,6852301666,288.26,969239529
2023-12-07,7894.38,22981012188,8782.22,11226939164,288.71,1063284850
2023-12-08,8153.54,22844671323,9077.67,9259439072,279.62,888709388
2023-12-09,8054.75,26389330002,8855.54,11452679200,280.78,353108809
2023-12-10,7529.73,19523125746,9024.64,10274265246,281.61,1077304916
2023-12-11,7604.77,14412144626,9207.72,8381148762,283.18,936237070
2023-12-12,7642.78,33028504717,9109.06,8625941141,263.04,559978456
2023-12-13,8053.0,27008389894,9272.33,9210721676,261.92,872126256
2023-12-14,8052.38,33090056645,9971.41,12642320804,288.15,831047659
2023-12-15,7681.99,30613667429,10060.41,12790837764,303.13,1593423757
2023-12-16,7360.11,30766363559,9929.25,9658114217,298.94,1094057730
2023-12-17,7685.8,29635927365,9675.44,10302347937,286.81,717988838
2023-12-18,7664.03,29003231123,9804.81,8440423740,302.53,945792047
2023-12-19,7462.89,29735349119,10262.37,12859300836,302.09,406595401
2023-12-20,7627.34,20286185628,10365.74,10520376625,273.5,1167290580
2023-12-21,8097.52,22607216484,10539.29,8744053744,266.42,953925307
2023-12-22,8368.52,30977262020,11766.58,7415912289,291.87,1344528648
2023-12-23,8344.34,22732760048,11461.62,11070262862,265.38,973483325
2023-12-24,8571.89,19352314664,11024.85,13779445391,265.76,1416861618
2023-12-25,8316.64,32921890476,11194.12,10214989160,254.35,1433745650
2023-12-26,8094.32,14327097837,11146.11,8242376872,252.82,646896244
2023-12-27,8132.48,27495942794,11453.85,8292776530,246.46,909296119
2023-12-28,7884.75,23222369172,12087.59,8888641437,234.11,1030369229
2023-12-29,8489.06,27276978502,12315.02,5479776476,202.47,975016464
2023-12-30,8821.42,23368646236,12271.84,11819872571,199.43,753349670
2023-12-31,8192.95,23068875028,12583.4,8878591552,199.13,950286952
